{
    "target_1_grad": 0.24486512824858528, 
    "target_2_grad": 0.34346548367668245, 
    "norm1": 19.378120655891223, 
    "norm2": 19.443451002316596, 
    "normdiff": 2.73226477088741, 
    "norm1_normalized": 0.025231927937358362, 
    "norm2_normalized": 0.025316993492599735, 
    "normdiff_normalized": 0.003557636420426315, 
    "cos": 0.9785442505127344}