{
  "best_metric": null,
  "best_model_checkpoint": null,
  "epoch": 0.9504404697552021,
  "eval_steps": 20000,
  "global_step": 40000,
  "is_hyper_param_search": false,
  "is_local_process_zero": true,
  "is_world_process_zero": true,
  "log_history": [
    {
      "epoch": 0.48,
      "learning_rate": 9.473684210526316e-05,
      "loss": 6.7845,
      "step": 20000
    },
    {
      "epoch": 0.48,
      "eval_Token_acc": 0.1548892759392884,
      "eval_loss": 6.060853481292725,
      "eval_runtime": 10.713,
      "eval_samples_per_second": 40.231,
      "eval_steps_per_second": 0.187,
      "step": 20000
    },
    {
      "epoch": 0.95,
      "learning_rate": 8.421052631578948e-05,
      "loss": 5.2073,
      "step": 40000
    },
    {
      "epoch": 0.95,
      "eval_Token_acc": 0.34119736174530696,
      "eval_loss": 4.143754005432129,
      "eval_runtime": 9.8575,
      "eval_samples_per_second": 43.723,
      "eval_steps_per_second": 0.203,
      "step": 40000
    }
  ],
  "logging_steps": 20000,
  "max_steps": 200000,
  "num_train_epochs": 5,
  "save_steps": 40000,
  "total_flos": 1.3969863240318976e+16,
  "trial_name": null,
  "trial_params": null
}
