{
  "best_metric": null,
  "best_model_checkpoint": null,
  "epoch": 0.2978459778879146,
  "eval_steps": 50000,
  "global_step": 100000,
  "is_hyper_param_search": false,
  "is_local_process_zero": true,
  "is_world_process_zero": true,
  "log_history": [
    {
      "epoch": 0.15,
      "learning_rate": 9.595959595959596e-05,
      "loss": 6.5844,
      "step": 50000
    },
    {
      "epoch": 0.15,
      "eval_Token_acc": 0.1584049079754601,
      "eval_loss": 6.007768630981445,
      "eval_runtime": 16.3771,
      "eval_samples_per_second": 6.595,
      "eval_steps_per_second": 0.244,
      "step": 50000
    },
    {
      "epoch": 0.3,
      "learning_rate": 9.090909090909092e-05,
      "loss": 5.6713,
      "step": 100000
    },
    {
      "epoch": 0.3,
      "eval_Token_acc": 0.2617679422912336,
      "eval_loss": 4.86292839050293,
      "eval_runtime": 16.5359,
      "eval_samples_per_second": 6.531,
      "eval_steps_per_second": 0.242,
      "step": 100000
    }
  ],
  "logging_steps": 50000,
  "max_steps": 1000000,
  "num_train_epochs": 3,
  "save_steps": 100000,
  "total_flos": 4365582463926272.0,
  "trial_name": null,
  "trial_params": null
}
