{
  "dataset_revision": null,
  "mteb_dataset_name": "ArguAna",
  "mteb_version": "1.1.1",
  "test": {
    "evaluation_time": 11.35,
    "map_at_1": 0.1202,
    "map_at_10": 0.20351,
    "map_at_100": 0.21522,
    "map_at_1000": 0.21611,
    "map_at_3": 0.17627,
    "map_at_5": 0.18953,
    "mrr_at_1": 0.12731,
    "mrr_at_10": 0.20587,
    "mrr_at_100": 0.21772,
    "mrr_at_1000": 0.21861,
    "mrr_at_3": 0.17876,
    "mrr_at_5": 0.19188,
    "ndcg_at_1": 0.1202,
    "ndcg_at_10": 0.25236,
    "ndcg_at_100": 0.31375,
    "ndcg_at_1000": 0.34005,
    "ndcg_at_3": 0.19389,
    "ndcg_at_5": 0.21785,
    "precision_at_1": 0.1202,
    "precision_at_10": 0.04111,
    "precision_at_100": 0.00708,
    "precision_at_1000": 0.00092,
    "precision_at_3": 0.08156,
    "precision_at_5": 0.0606,
    "recall_at_1": 0.1202,
    "recall_at_10": 0.4111,
    "recall_at_100": 0.70768,
    "recall_at_1000": 0.92034,
    "recall_at_3": 0.24467,
    "recall_at_5": 0.30299
  }
}