{
  "dataset_revision": null,
  "mteb_dataset_name": "ArguAna",
  "mteb_version": "1.1.1",
  "test": {
    "evaluation_time": 10.74,
    "map_at_1": 0.11878,
    "map_at_10": 0.19338,
    "map_at_100": 0.20541,
    "map_at_1000": 0.20631,
    "map_at_3": 0.16927,
    "map_at_5": 0.18218,
    "mrr_at_1": 0.12518,
    "mrr_at_10": 0.19588,
    "mrr_at_100": 0.20785,
    "mrr_at_1000": 0.20875,
    "mrr_at_3": 0.17153,
    "mrr_at_5": 0.18476,
    "ndcg_at_1": 0.11878,
    "ndcg_at_10": 0.23655,
    "ndcg_at_100": 0.29925,
    "ndcg_at_1000": 0.32706,
    "ndcg_at_3": 0.18622,
    "ndcg_at_5": 0.20927,
    "precision_at_1": 0.11878,
    "precision_at_10": 0.03755,
    "precision_at_100": 0.00679,
    "precision_at_1000": 0.00091,
    "precision_at_3": 0.07847,
    "precision_at_5": 0.05818,
    "recall_at_1": 0.11878,
    "recall_at_10": 0.37553,
    "recall_at_100": 0.67923,
    "recall_at_1000": 0.90683,
    "recall_at_3": 0.23542,
    "recall_at_5": 0.2909
  }
}