{
  "dataset_revision": null,
  "mteb_dataset_name": "ArguAna",
  "mteb_version": "1.1.1",
  "test": {
    "evaluation_time": 10.89,
    "map_at_1": 0.12447,
    "map_at_10": 0.20246,
    "map_at_100": 0.21414,
    "map_at_1000": 0.21505,
    "map_at_3": 0.17485,
    "map_at_5": 0.19056,
    "mrr_at_1": 0.13158,
    "mrr_at_10": 0.20506,
    "mrr_at_100": 0.2168,
    "mrr_at_1000": 0.21771,
    "mrr_at_3": 0.17698,
    "mrr_at_5": 0.19334,
    "ndcg_at_1": 0.12447,
    "ndcg_at_10": 0.24882,
    "ndcg_at_100": 0.30893,
    "ndcg_at_1000": 0.33658,
    "ndcg_at_3": 0.19165,
    "ndcg_at_5": 0.22002,
    "precision_at_1": 0.12447,
    "precision_at_10": 0.03983,
    "precision_at_100": 0.00687,
    "precision_at_1000": 0.00091,
    "precision_at_3": 0.08013,
    "precision_at_5": 0.06188,
    "recall_at_1": 0.12447,
    "recall_at_10": 0.39829,
    "recall_at_100": 0.68706,
    "recall_at_1000": 0.91252,
    "recall_at_3": 0.2404,
    "recall_at_5": 0.30939
  }
}