{
  "dataset_revision": null,
  "mteb_dataset_name": "ArguAna",
  "mteb_version": "1.1.1",
  "test": {
    "evaluation_time": 10.97,
    "map_at_1": 0.12447,
    "map_at_10": 0.19504,
    "map_at_100": 0.20674,
    "map_at_1000": 0.20765,
    "map_at_3": 0.16679,
    "map_at_5": 0.18247,
    "mrr_at_1": 0.13016,
    "mrr_at_10": 0.19734,
    "mrr_at_100": 0.20905,
    "mrr_at_1000": 0.20995,
    "mrr_at_3": 0.16999,
    "mrr_at_5": 0.18503,
    "ndcg_at_1": 0.12447,
    "ndcg_at_10": 0.23844,
    "ndcg_at_100": 0.29911,
    "ndcg_at_1000": 0.32666,
    "ndcg_at_3": 0.18041,
    "ndcg_at_5": 0.20845,
    "precision_at_1": 0.12447,
    "precision_at_10": 0.03791,
    "precision_at_100": 0.00671,
    "precision_at_1000": 0.0009,
    "precision_at_3": 0.07326,
    "precision_at_5": 0.05747,
    "recall_at_1": 0.12447,
    "recall_at_10": 0.37909,
    "recall_at_100": 0.67141,
    "recall_at_1000": 0.89545,
    "recall_at_3": 0.21977,
    "recall_at_5": 0.28734
  }
}